
<beans xmlns="http://www.springframework.org/schema/beans"
	xmlns:xsi="http://www.w3.org/2001/XMLSchema-instance"
	xsi:schemaLocation="
        http://www.springframework.org/schema/beans http://www.springframework.org/schema/beans/spring-beans.xsd" 
        default-init-method = "myinit"
        default-destroy-method = "mydestroy"
        default-lazy-init = "true">

	
	<bean id="dao" class="com.pradeep.spring.bank.dao.MapAccountDaoImpl">
		
	</bean>
	
	<bean id="accountDao" class="com.pradeep.spring.bank.dao.MySQLAccountDaoImpl">
		
	</bean>
	
	<bean id="service" class="com.pradeep.spring.bank.service.AccountServiceImpl" 
			autowire = "byName" >
		
	</bean>
	
	<bean id="mainApp" class="com.pradeep.spring.bank.presentation.MainApp" 
			autowire = "constructor">
		
	</bean>
	
</beans>

